08-13,1
08-14,40
08-16,1
08-18,3
08-19,2
08-20,3
08-21,2
08-22,1
08-24,11
08-25,2
08-26,8
08-27,16
08-28,10
08-29,11
08-30,10
08-31,7
09-06,73
09-07,35
09-08,26
09-09,35
09-10,20
09-11,245
10小时前,2
11分钟前,2
12分钟前,2
12小时前,1
13小时前,3
14分钟前,1
14小时前,15
15分钟前,2
15小时前,8
16分钟前,2
16小时前,6
17分钟前,2
17小时前,6
18分钟前,1
18小时前,9
19小时前,6
1小时前,9
20小时前,8
21分钟前,1
21小时前,10
22分钟前,2
22小时前,13
23小时前,6
25分钟前,1
27分钟前,1
2分钟前,1
2小时前,11
36分钟前,2
38分钟前,1
3分钟前,5
3小时前,13
45分钟前,1
49分钟前,1
4小时前,10
50分钟前,1
51分钟前,1
53分钟前,1
54分钟前,2
5分钟前,1
5小时前,6
6分钟前,1
6小时前,5
7小时前,2
8小时前,4
9分钟前,3
9小时前,3
昨天 00:03,1
昨天 00:11,2
昨天 00:21,1
昨天 00:23,2
昨天 00:33,1
昨天 00:44,1
昨天 00:54,1
昨天 01:06,1
昨天 01:07,1
昨天 01:47,1
昨天 02:02,1
昨天 02:16,1
昨天 02:25,1
昨天 04:29,1
昨天 04:46,1
昨天 06:05,1
昨天 06:19,1
昨天 06:58,1
昨天 07:09,1
昨天 07:12,1
昨天 07:35,1
昨天 07:36,1
昨天 07:47,1
昨天 07:53,1
昨天 07:56,1
昨天 08:03,1
昨天 08:14,1
昨天 08:47,1
昨天 08:49,1
昨天 08:59,1
昨天 09:00,1
昨天 09:13,1
昨天 09:14,3
昨天 09:15,1
昨天 09:16,1
昨天 09:25,1
昨天 09:55,1
昨天 09:57,1
昨天 09:58,2
昨天 10:15,1
昨天 10:17,1
昨天 10:18,1
昨天 10:20,1
昨天 10:24,1
昨天 10:29,1
昨天 10:32,1
昨天 10:33,1
昨天 10:38,1
昨天 10:45,1
昨天 11:21,1
昨天 11:33,1
昨天 11:43,1
昨天 11:56,1
昨天 12:04,1
昨天 12:15,1
昨天 12:19,1
昨天 12:21,1
昨天 12:22,1
昨天 12:23,1
昨天 12:25,1
昨天 12:28,1
昨天 12:35,1
昨天 12:37,1
昨天 12:40,2
昨天 12:42,1
昨天 12:46,1
昨天 13:06,1
昨天 13:26,1
昨天 13:28,1
昨天 13:32,1
昨天 13:43,1
昨天 13:55,1
